Constructor,Constructor URL
Adams,https://en.wikipedia.org/wiki/Adams_(constructor)
Bromme,https://en.wikipedia.org/wiki/Bromme
Christensen,https://en.wikipedia.org/wiki/Christensen_(constructor)
Emil Diedt,https://en.wikipedia.org/wiki/Emil_Diedt
Frank DelRoy,https://en.wikipedia.org/wiki/Frank_DelRoy
Dunn,https://en.wikipedia.org/wiki/Dunn_Engineering
Elder,https://en.wikipedia.org/wiki/Elder_(constructor)
Quin Epperly,https://en.wikipedia.org/wiki/Quin_Epperly
Wayne Ewing,https://en.wikipedia.org/wiki/Wayne_Ewing
Hall,
Eddie Kuzma,https://en.wikipedia.org/wiki/Eddie_Kuzma
Langley,https://en.wikipedia.org/wiki/Langley_(constructor)
Lesovsky,https://en.wikipedia.org/wiki/Lesovsky
Carl Marchese,https://en.wikipedia.org/wiki/Carl_Marchese
Meskowski,https://en.wikipedia.org/wiki/Meskowski
Lou Moore,https://en.wikipedia.org/wiki/Lou_Moore
Nichels,https://en.wikipedia.org/wiki/Nichels
Olson,https://en.wikipedia.org/wiki/Olson_(constructor)
Pankratz,https://en.wikipedia.org/wiki/Pankratz
Pawl,https://en.wikipedia.org/wiki/Pawl_(constructor)
Phillips,https://en.wikipedia.org/wiki/Phillips_(constructor)
Johnny Rae,https://en.wikipedia.org/wiki/Johnny_Rae_(motorsport)
George Salih,https://en.wikipedia.org/wiki/George_Salih
Schroeder,https://en.wikipedia.org/wiki/Schroeder_(constructor)
Sherman,https://en.wikipedia.org/wiki/Sherman_(constructor)
Russ Snowberger,https://en.wikipedia.org/wiki/Russ_Snowberger
Stevens,https://en.wikipedia.org/wiki/Stevens_(constructor)
Sutton,https://en.wikipedia.org/wiki/Sutton_(constructor)
Trevis,https://en.wikipedia.org/wiki/Trevis_(constructor)
Turner,
A. J. Watson,https://en.wikipedia.org/wiki/A._J._Watson
Wetteroth,https://en.wikipedia.org/wiki/Wetteroth
